{
  "LR_val": {
    "log_loss": 1.0682924567082241,
    "accuracy": 0.484375,
    "brier_score": 0.6344954250209057
  },
  "LR_test": {
    "log_loss": 1.0205632372691622,
    "accuracy": 0.515625,
    "brier_score": 0.6124499322872957
  },
  "RF_val": {
    "log_loss": 1.0344966290201207,
    "accuracy": 0.53125,
    "brier_score": 0.6115906249999999
  },
  "RF_test": {
    "log_loss": 1.0533306957804704,
    "accuracy": 0.46875,
    "brier_score": 0.6352187499999999
  },
  "XGB_val": {
    "log_loss": 1.1484848858747843,
    "accuracy": 0.46875,
    "brier_score": 0.6599872460332354
  },
  "XGB_test": {
    "log_loss": 1.1477077705133523,
    "accuracy": 0.453125,
    "brier_score": 0.6974081903396148
  },
  "goals_val": {
    "mae_home": 1.1274049256351792,
    "rmse_home": 1.5416993572304085,
    "mae_away": 0.838093318971314,
    "rmse_away": 1.0225393656439468,
    "scoreline_accuracy": 0.078125
  },
  "LR_tuned_val": {
    "log_loss": 1.0406804116169177,
    "accuracy": 0.53125,
    "brier_score": 0.6144922883571695
  },
  "LR_tuned_test": {
    "log_loss": 1.0095145407225241,
    "accuracy": 0.53125,
    "brier_score": 0.60237641496598
  },
  "RF_tuned_val": {
    "log_loss": 1.0184042446150952,
    "accuracy": 0.53125,
    "brier_score": 0.6019493041834589
  },
  "RF_tuned_test": {
    "log_loss": 1.0151576903205248,
    "accuracy": 0.5,
    "brier_score": 0.6093822064732553
  },
  "XGB_tuned_val": {
    "log_loss": 1.0351613277466054,
    "accuracy": 0.515625,
    "brier_score": 0.6130984271769051
  },
  "XGB_tuned_test": {
    "log_loss": 1.0223719202532628,
    "accuracy": 0.515625,
    "brier_score": 0.6125765647437424
  },
  "ensemble_val": {
    "log_loss": 1.029128692284335,
    "accuracy": 0.546875,
    "brier_score": 0.6073830105742077
  },
  "ensemble_test": {
    "log_loss": 1.0076294978440872,
    "accuracy": 0.5,
    "brier_score": 0.6031202410996068
  },
  "goals_xgb_tuned_val": {
    "mae_home": 1.0822201976552606,
    "rmse_home": 1.472207337786752,
    "mae_away": 0.8395751714706421,
    "rmse_away": 1.0066821608545948,
    "scoreline_accuracy": 0.078125
  },
  "goals_xgb_tuned_test": {
    "mae_home": 0.9386819824576378,
    "rmse_home": 1.268246932105505,
    "mae_away": 0.7789151659235358,
    "rmse_away": 0.963527739443125,
    "scoreline_accuracy": 0.140625
  },
  "goals_poisson_tuned_val": {
    "mae_home": 1.125273851653322,
    "rmse_home": 1.5372950564871322,
    "mae_away": 0.8406828475725787,
    "rmse_away": 1.0232384709217182,
    "scoreline_accuracy": 0.0625
  },
  "calibration_applied": false
}