{
  "LR_val": {
    "log_loss": 1.0682924567082241,
    "accuracy": 0.484375,
    "brier_score": 0.6344954250209057
  },
  "LR_test": {
    "log_loss": 1.0205632372691622,
    "accuracy": 0.515625,
    "brier_score": 0.6124499322872957
  },
  "RF_val": {
    "log_loss": 1.0344966290201207,
    "accuracy": 0.53125,
    "brier_score": 0.6115906249999999
  },
  "RF_test": {
    "log_loss": 1.0533306957804704,
    "accuracy": 0.46875,
    "brier_score": 0.6352187499999999
  },
  "XGB_val": {
    "log_loss": 1.1484848858747843,
    "accuracy": 0.46875,
    "brier_score": 0.6599872460332354
  },
  "XGB_test": {
    "log_loss": 1.1477077705133523,
    "accuracy": 0.453125,
    "brier_score": 0.6974081903396148
  },
  "goals_val": {
    "mae_home": 1.1274049256351792,
    "rmse_home": 1.5416993572304085,
    "mae_away": 0.838093318971314,
    "rmse_away": 1.0225393656439468,
    "scoreline_accuracy": 0.078125
  },
  "LR_tuned_val": {
    "log_loss": 1.0682924566958418,
    "accuracy": 0.484375,
    "brier_score": 0.6344954250077457
  },
  "LR_tuned_test": {
    "log_loss": 1.0205632372463014,
    "accuracy": 0.515625,
    "brier_score": 0.6124499322721713
  },
  "RF_tuned_val": {
    "log_loss": 1.022467735086856,
    "accuracy": 0.53125,
    "brier_score": 0.6042422537761517
  },
  "RF_tuned_test": {
    "log_loss": 1.0162443454556709,
    "accuracy": 0.5,
    "brier_score": 0.6086147231690953
  },
  "XGB_tuned_val": {
    "log_loss": 1.0418483896794863,
    "accuracy": 0.5,
    "brier_score": 0.6146864843915674
  },
  "XGB_tuned_test": {
    "log_loss": 1.0097968778608721,
    "accuracy": 0.5,
    "brier_score": 0.6067003113606775
  },
  "ensemble_val": {
    "log_loss": 1.0400020790572215,
    "accuracy": 0.515625,
    "brier_score": 0.6148306323936523
  },
  "ensemble_test": {
    "log_loss": 1.0115901048813116,
    "accuracy": 0.5,
    "brier_score": 0.606649323753816
  },
  "goals_xgb_tuned_val": {
    "mae_home": 1.084740643389523,
    "rmse_home": 1.4610628705658308,
    "mae_away": 0.8376762652769685,
    "rmse_away": 1.0043672085127888,
    "scoreline_accuracy": 0.078125
  },
  "goals_xgb_tuned_test": {
    "mae_home": 0.9431674601510167,
    "rmse_home": 1.2736003562812777,
    "mae_away": 0.7749334061518312,
    "rmse_away": 0.9550070884339671,
    "scoreline_accuracy": 0.125
  },
  "goals_poisson_tuned_val": {
    "mae_home": 1.1274049256351792,
    "rmse_home": 1.5416993572304085,
    "mae_away": 0.838093318971314,
    "rmse_away": 1.0225393656439468,
    "scoreline_accuracy": 0.078125
  },
  "calibration_applied": false
}