{
  "LR_val": {
    "log_loss": 1.0682924567082241,
    "accuracy": 0.484375,
    "brier_score": 0.6344954250209057
  },
  "LR_test": {
    "log_loss": 1.0205632372691622,
    "accuracy": 0.515625,
    "brier_score": 0.6124499322872957
  },
  "RF_val": {
    "log_loss": 1.0344966290201207,
    "accuracy": 0.53125,
    "brier_score": 0.6115906249999999
  },
  "RF_test": {
    "log_loss": 1.0533306957804704,
    "accuracy": 0.46875,
    "brier_score": 0.6352187499999999
  },
  "XGB_val": {
    "log_loss": 1.1484848858747843,
    "accuracy": 0.46875,
    "brier_score": 0.6599872460332354
  },
  "XGB_test": {
    "log_loss": 1.1477077705133523,
    "accuracy": 0.453125,
    "brier_score": 0.6974081903396148
  },
  "goals_val": {
    "mae_home": 1.1274049256351792,
    "rmse_home": 1.5416993572304085,
    "mae_away": 0.838093318971314,
    "rmse_away": 1.0225393656439468,
    "scoreline_accuracy": 0.078125
  },
  "LR_tuned_val": {
    "log_loss": 1.040098349047355,
    "accuracy": 0.515625,
    "brier_score": 0.6139938689532436
  },
  "LR_tuned_test": {
    "log_loss": 1.0094052700522531,
    "accuracy": 0.53125,
    "brier_score": 0.6024265983379323
  },
  "RF_tuned_val": {
    "log_loss": 1.0180408935426644,
    "accuracy": 0.515625,
    "brier_score": 0.6025555844991112
  },
  "RF_tuned_test": {
    "log_loss": 1.015074649440233,
    "accuracy": 0.53125,
    "brier_score": 0.6079697851518933
  },
  "XGB_tuned_val": {
    "log_loss": 1.0351920786829636,
    "accuracy": 0.515625,
    "brier_score": 0.6128144652079396
  },
  "XGB_tuned_test": {
    "log_loss": 1.0222410145417071,
    "accuracy": 0.515625,
    "brier_score": 0.6128731235721829
  },
  "ensemble_val": {
    "log_loss": 1.0289680441249054,
    "accuracy": 0.546875,
    "brier_score": 0.6074249489256709
  },
  "ensemble_test": {
    "log_loss": 1.0078149681806878,
    "accuracy": 0.484375,
    "brier_score": 0.6030507083835577
  },
  "goals_xgb_tuned_val": {
    "mae_home": 1.0849904008209705,
    "rmse_home": 1.4638330684180518,
    "mae_away": 0.8393506417050958,
    "rmse_away": 1.0047400248173066,
    "scoreline_accuracy": 0.09375
  },
  "goals_xgb_tuned_test": {
    "mae_home": 0.9462301339954138,
    "rmse_home": 1.27292212015745,
    "mae_away": 0.7839940683916211,
    "rmse_away": 0.9641327417599096,
    "scoreline_accuracy": 0.140625
  },
  "goals_poisson_tuned_val": {
    "mae_home": 1.124692416564355,
    "rmse_home": 1.5364146656575992,
    "mae_away": 0.8391474389828182,
    "rmse_away": 1.0211312193195776,
    "scoreline_accuracy": 0.0625
  },
  "calibration_applied": false
}