{
  "xgb_outcome": {
    "n_estimators": 666,
    "max_depth": 3,
    "learning_rate": 0.012549092146662352,
    "subsample": 0.7757720949969933,
    "colsample_bytree": 0.6470692786938712,
    "reg_alpha": 2.9980366714269796e-08,
    "reg_lambda": 0.042722296877655816
  },
  "rf_outcome": {
    "n_estimators": 956,
    "max_features": "log2",
    "min_samples_split": 2,
    "min_samples_leaf": 10,
    "max_depth": null
  },
  "xgb_home_goals": {
    "n_estimators": 546,
    "max_depth": 5,
    "learning_rate": 0.01439135434676511,
    "subsample": 0.788403179415992,
    "colsample_bytree": 0.5071877972717037,
    "reg_alpha": 8.29070388501232e-06,
    "reg_lambda": 0.34766407875099153
  },
  "xgb_away_goals": {
    "n_estimators": 642,
    "max_depth": 3,
    "learning_rate": 0.03419715879968827,
    "subsample": 0.794022547502547,
    "colsample_bytree": 0.7828161836936981,
    "reg_alpha": 0.785665204550026,
    "reg_lambda": 0.9885357964402882
  }
}