{
  "xgb_outcome": {
    "n_estimators": 511,
    "max_depth": 5,
    "learning_rate": 0.015017457164934857,
    "subsample": 0.693276063120168,
    "colsample_bytree": 0.508189478633986,
    "reg_alpha": 0.9898370830763181,
    "reg_lambda": 0.540310129890305
  },
  "rf_outcome": {
    "n_estimators": 679,
    "max_features": "sqrt",
    "min_samples_split": 6,
    "min_samples_leaf": 10,
    "max_depth": null
  },
  "xgb_home_goals": {
    "n_estimators": 509,
    "max_depth": 6,
    "learning_rate": 0.01115447915564849,
    "subsample": 0.8022364255300369,
    "colsample_bytree": 0.8969517966938844,
    "reg_alpha": 0.9644399136825265,
    "reg_lambda": 0.40135129006119513
  },
  "xgb_away_goals": {
    "n_estimators": 997,
    "max_depth": 5,
    "learning_rate": 0.01029095450380616,
    "subsample": 0.5292503941661589,
    "colsample_bytree": 0.6446107112429673,
    "reg_alpha": 0.6679229685714579,
    "reg_lambda": 0.000122219715781892
  }
}