{
  "home_rank": 0.01910490356385708,
  "away_rank": 0.015510709024965763,
  "home_rank_points": 0.012806319631636143,
  "away_rank_points": 0.014680176973342896,
  "rank_diff": 0.11436209827661514,
  "rank_points_ratio": 0.19154968857765198,
  "rank_points_diff": 0.12511475384235382,
  "home_form_wins_5": 0.01177889108657837,
  "home_form_goals_scored_5": 0.012386097572743893,
  "home_form_goals_conceded_5": 0.018935611471533775,
  "home_form_wdl_points_5": 0.013269963674247265,
  "away_form_wins_5": 0.01123526506125927,
  "away_form_goals_scored_5": 0.013363009318709373,
  "away_form_goals_conceded_5": 0.017856843769550323,
  "away_form_wdl_points_5": 0.01211032085120678,
  "home_form_wins_10": 0.011655152775347233,
  "home_form_goals_scored_10": 0.015335173346102238,
  "home_form_goals_conceded_10": 0.024532755836844444,
  "home_form_wdl_points_10": 0.014769610948860645,
  "away_form_wins_10": 0.01122103352099657,
  "away_form_goals_scored_10": 0.017682086676359177,
  "away_form_goals_conceded_10": 0.018014946952462196,
  "away_form_wdl_points_10": 0.012715623714029789,
  "form_diff_wdl_5": 0.022529790177941322,
  "home_goal_efficiency_5": 0.02018888108432293,
  "away_goal_efficiency_5": 0.01648927852511406,
  "h2h_home_win_rate": 0.054569993168115616,
  "h2h_matches_count": 0.014748054556548595,
  "h2h_avg_goals_home": 0.031125787645578384,
  "h2h_avg_goals_away": 0.03403647243976593,
  "tournament_stage": 0.00919966958463192,
  "is_wc_match": 0.00573444040492177,
  "is_neutral_venue": 0.027757825329899788,
  "host_nation_advantage": 0.0,
  "home_days_rest": 0.01156502403318882,
  "away_days_rest": 0.011254538781940937,
  "rest_diff": 0.010809187777340412
}